"PSComputerName","__GENUS","__CLASS","__SUPERCLASS","__DYNASTY","__RELPATH","__PROPERTY_COUNT","__DERIVATION","__SERVER","__NAMESPACE","__PATH","ArpAlwaysSourceRoute","ArpUseEtherSNAP","Caption","DatabasePath","DeadGWDetectEnabled","DefaultIPGateway","DefaultTOS","DefaultTTL","Description","DHCPEnabled","DHCPLeaseExpires","DHCPLeaseObtained","DHCPServer","DNSDomain","DNSDomainSuffixSearchOrder","DNSEnabledForWINSResolution","DNSHostName","DNSServerSearchOrder","DomainDNSRegistrationEnabled","ForwardBufferMemory","FullDNSRegistrationEnabled","GatewayCostMetric","IGMPLevel","Index","InterfaceIndex","IPAddress","IPConnectionMetric","IPEnabled","IPFilterSecurityEnabled","IPPortSecurityEnabled","IPSecPermitIPProtocols","IPSecPermitTCPPorts","IPSecPermitUDPPorts","IPSubnet","IPUseZeroBroadcast","IPXAddress","IPXEnabled","IPXFrameType","IPXMediaType","IPXNetworkNumber","IPXVirtualNetNumber","KeepAliveInterval","KeepAliveTime","MACAddress","MTU","NumForwardPackets","PMTUBHDetectEnabled","PMTUDiscoveryEnabled","ServiceName","SettingID","TcpipNetbiosOptions","TcpMaxConnectRetransmissions","TcpMaxDataRetransmissions","TcpNumConnections","TcpUseRFC1122UrgentPointer","TcpWindowSize","WINSEnableLMHostsLookup","WINSHostLookupFile","WINSPrimaryServer","WINSScopeID","WINSSecondaryServer"
"DESKTOP-CJ4GRGF","2","Win32_NetworkAdapterConfiguration","CIM_Setting","CIM_Setting","Win32_NetworkAdapterConfiguration.Index=0","61","System.String[]","DESKTOP-CJ4GRGF","root\cimv2","\\DESKTOP-CJ4GRGF\root\cimv2:Win32_NetworkAdapterConfiguration.Index=0",,,"[00000000] Microsoft Kernel Debug Network Adapter",,,,,,"Microsoft Kernel Debug Network Adapter","True",,,,,,,,,,,,,,"0","5",,,"False",,,,,,,,,,,,,,,,,,,,,"kdnic","{248AAC08-7C1B-499A-8709-BE7327CB3EB9}",,,,,,,,,,,
"DESKTOP-CJ4GRGF","2","Win32_NetworkAdapterConfiguration","CIM_Setting","CIM_Setting","Win32_NetworkAdapterConfiguration.Index=1","61","System.String[]","DESKTOP-CJ4GRGF","root\cimv2","\\DESKTOP-CJ4GRGF\root\cimv2:Win32_NetworkAdapterConfiguration.Index=1",,,"[00000001] Intel(R) 82574L Gigabit Network Connection","%SystemRoot%\System32\drivers\etc",,"System.String[]",,,"Intel(R) 82574L Gigabit Network Connection","True","20231113211415.000000-300","20231113191415.000000-300","192.168.0.1",,"System.String[]","False","DESKTOP-CJ4GRGF","System.String[]","False",,"True","System.UInt16[]",,"1","8","System.String[]","25","True","False",,"System.String[]","System.String[]","System.String[]","System.String[]",,,,,,,,,,"00:0C:29:FE:D8:8F",,,,,"e1iexpress","{60238124-37AE-45BB-B577-F72EA7092208}","0",,,,,,"True",,,"",
"DESKTOP-CJ4GRGF","2","Win32_NetworkAdapterConfiguration","CIM_Setting","CIM_Setting","Win32_NetworkAdapterConfiguration.Index=2","61","System.String[]","DESKTOP-CJ4GRGF","root\cimv2","\\DESKTOP-CJ4GRGF\root\cimv2:Win32_NetworkAdapterConfiguration.Index=2",,,"[00000002] WAN Miniport (SSTP)",,,,,,"WAN Miniport (SSTP)","False",,,,,,,,,,,,,,"2","6",,,"False",,,,,,,,,,,,,,,,,,,,,"RasSstp","{2ECB83E8-BD42-4F68-ACA1-D05C77C51BD5}",,,,,,,,,,,
"DESKTOP-CJ4GRGF","2","Win32_NetworkAdapterConfiguration","CIM_Setting","CIM_Setting","Win32_NetworkAdapterConfiguration.Index=3","61","System.String[]","DESKTOP-CJ4GRGF","root\cimv2","\\DESKTOP-CJ4GRGF\root\cimv2:Win32_NetworkAdapterConfiguration.Index=3",,,"[00000003] WAN Miniport (IKEv2)",,,,,,"WAN Miniport (IKEv2)","False",,,,,,,,,,,,,,"3","3",,,"False",,,,,,,,,,,,,,,,,,,,,"RasAgileVpn","{16BD5C63-3180-4C5D-B11F-D30F3EA72A32}",,,,,,,,,,,
"DESKTOP-CJ4GRGF","2","Win32_NetworkAdapterConfiguration","CIM_Setting","CIM_Setting","Win32_NetworkAdapterConfiguration.Index=4","61","System.String[]","DESKTOP-CJ4GRGF","root\cimv2","\\DESKTOP-CJ4GRGF\root\cimv2:Win32_NetworkAdapterConfiguration.Index=4",,,"[00000004] WAN Miniport (L2TP)",,,,,,"WAN Miniport (L2TP)","False",,,,,,,,,,,,,,"4","12",,,"False",,,,,,,,,,,,,,,,,,,,,"Rasl2tp","{D4DF0D02-8095-4CCD-8F00-01A9263AAA6A}",,,,,,,,,,,
"DESKTOP-CJ4GRGF","2","Win32_NetworkAdapterConfiguration","CIM_Setting","CIM_Setting","Win32_NetworkAdapterConfiguration.Index=5","61","System.String[]","DESKTOP-CJ4GRGF","root\cimv2","\\DESKTOP-CJ4GRGF\root\cimv2:Win32_NetworkAdapterConfiguration.Index=5",,,"[00000005] WAN Miniport (PPTP)",,,,,,"WAN Miniport (PPTP)","False",,,,,,,,,,,,,,"5","4",,,"False",,,,,,,,,,,,,,,,,,,,,"PptpMiniport","{1CEA33BC-3D6C-48E6-AF67-FF21070856F9}",,,,,,,,,,,
"DESKTOP-CJ4GRGF","2","Win32_NetworkAdapterConfiguration","CIM_Setting","CIM_Setting","Win32_NetworkAdapterConfiguration.Index=6","61","System.String[]","DESKTOP-CJ4GRGF","root\cimv2","\\DESKTOP-CJ4GRGF\root\cimv2:Win32_NetworkAdapterConfiguration.Index=6",,,"[00000006] WAN Miniport (PPPOE)",,,,,,"WAN Miniport (PPPOE)","False",,,,,,,,,,,,,,"6","11",,,"False",,,,,,,,,,,,,,,,,,,,,"RasPppoe","{C2A282BE-B8E0-4FD6-8D17-D34FCB313976}",,,,,,,,,,,
"DESKTOP-CJ4GRGF","2","Win32_NetworkAdapterConfiguration","CIM_Setting","CIM_Setting","Win32_NetworkAdapterConfiguration.Index=7","61","System.String[]","DESKTOP-CJ4GRGF","root\cimv2","\\DESKTOP-CJ4GRGF\root\cimv2:Win32_NetworkAdapterConfiguration.Index=7",,,"[00000007] WAN Miniport (IP)",,,,,,"WAN Miniport (IP)","False",,,,,,,,,,,,,,"7","14",,,"False",,,,,,,,,,,,,,,,"6A:2B:20:52:41:53",,,,,"NdisWan","{E70E86D7-7C69-42E8-8658-933CBB760190}",,,,,,,,,,,
"DESKTOP-CJ4GRGF","2","Win32_NetworkAdapterConfiguration","CIM_Setting","CIM_Setting","Win32_NetworkAdapterConfiguration.Index=8","61","System.String[]","DESKTOP-CJ4GRGF","root\cimv2","\\DESKTOP-CJ4GRGF\root\cimv2:Win32_NetworkAdapterConfiguration.Index=8",,,"[00000008] WAN Miniport (IPv6)",,,,,,"WAN Miniport (IPv6)","False",,,,,,,,,,,,,,"8","9",,,"False",,,,,,,,,,,,,,,,"72:B0:20:52:41:53",,,,,"NdisWan","{879CE0AD-810B-48AF-B30D-D36A72A36B7A}",,,,,,,,,,,
"DESKTOP-CJ4GRGF","2","Win32_NetworkAdapterConfiguration","CIM_Setting","CIM_Setting","Win32_NetworkAdapterConfiguration.Index=9","61","System.String[]","DESKTOP-CJ4GRGF","root\cimv2","\\DESKTOP-CJ4GRGF\root\cimv2:Win32_NetworkAdapterConfiguration.Index=9",,,"[00000009] WAN Miniport (Network Monitor)",,,,,,"WAN Miniport (Network Monitor)","False",,,,,,,,,,,,,,"9","13",,,"False",,,,,,,,,,,,,,,,"76:17:20:52:41:53",,,,,"NdisWan","{D5635557-84C1-48F9-ACF1-477435935358}",,,,,,,,,,,
