"EventID","MachineName","Data","Index","Category","CategoryNumber","EntryType","Message","Source","ReplacementStrings","InstanceId","TimeGenerated","TimeWritten","UserName","Site","Container"
"10005","DESKTOP-CJ4GRGF","System.Byte[]","1523","(0)","0","Error","The description for Event ID '10005' in Source 'DCOM' cannot be found.  The local computer may not have the necessary registry information or message DLL files to display the message, or you may not have permission to access them.  The following information is part of the event:'2', 'GoogleChromeElevationService', 'Unavailable', '{708860E0-F641-4611-8895-7D867DD3675B}'","DCOM","System.String[]","10005","11/13/2023 6:14:27 PM","11/13/2023 6:14:27 PM","DESKTOP-CJ4GRGF\champuser",,
"7000","DESKTOP-CJ4GRGF","System.Byte[]","1522","(0)","0","Error","The Google Chrome Elevation Service (GoogleChromeElevationService) service failed to start due to the following error: 
%%2","Service Control Manager","System.String[]","3221232472","11/13/2023 6:14:27 PM","11/13/2023 6:14:27 PM",,,
"10016","DESKTOP-CJ4GRGF","System.Byte[]","1518","(0)","0","Error","The description for Event ID '10016' in Source 'DCOM' cannot be found.  The local computer may not have the necessary registry information or message DLL files to display the message, or you may not have permission to access them.  The following information is part of the event:'application-specific', 'Local', 'Launch', 'Windows.SecurityCenter.SecurityAppBroker', 'Unavailable', 'NT AUTHORITY', 'SYSTEM', 'S-1-5-18', 'LocalHost (Using LRPC)', 'Unavailable', 'Unavailable'","DCOM","System.String[]","10016","11/13/2023 6:12:46 PM","11/13/2023 6:12:46 PM","NT AUTHORITY\SYSTEM",,
"10016","DESKTOP-CJ4GRGF","System.Byte[]","1517","(0)","0","Error","The description for Event ID '10016' in Source 'DCOM' cannot be found.  The local computer may not have the necessary registry information or message DLL files to display the message, or you may not have permission to access them.  The following information is part of the event:'application-specific', 'Local', 'Launch', 'Windows.SecurityCenter.WscBrokerManager', 'Unavailable', 'NT AUTHORITY', 'SYSTEM', 'S-1-5-18', 'LocalHost (Using LRPC)', 'Unavailable', 'Unavailable'","DCOM","System.String[]","10016","11/13/2023 6:12:46 PM","11/13/2023 6:12:46 PM","NT AUTHORITY\SYSTEM",,
"6008","DESKTOP-CJ4GRGF","System.Byte[]","1463","(0)","0","Error","The previous system shutdown at 10:43:05 AM on ?11/?6/?2023 was unexpected.","EventLog","System.String[]","2147489656","11/13/2023 6:10:44 PM","11/13/2023 6:10:44 PM",,,
"10016","DESKTOP-CJ4GRGF","System.Byte[]","1460","(0)","0","Error","The description for Event ID '10016' in Source 'DCOM' cannot be found.  The local computer may not have the necessary registry information or message DLL files to display the message, or you may not have permission to access them.  The following information is part of the event:'application-specific', 'Local', 'Launch', 'Windows.SecurityCenter.SecurityAppBroker', 'Unavailable', 'NT AUTHORITY', 'SYSTEM', 'S-1-5-18', 'LocalHost (Using LRPC)', 'Unavailable', 'Unavailable'","DCOM","System.String[]","10016","11/6/2023 10:11:07 AM","11/6/2023 10:11:07 AM","NT AUTHORITY\SYSTEM",,
"10016","DESKTOP-CJ4GRGF","System.Byte[]","1459","(0)","0","Error","The description for Event ID '10016' in Source 'DCOM' cannot be found.  The local computer may not have the necessary registry information or message DLL files to display the message, or you may not have permission to access them.  The following information is part of the event:'application-specific', 'Local', 'Launch', 'Windows.SecurityCenter.WscBrokerManager', 'Unavailable', 'NT AUTHORITY', 'SYSTEM', 'S-1-5-18', 'LocalHost (Using LRPC)', 'Unavailable', 'Unavailable'","DCOM","System.String[]","10016","11/6/2023 10:11:07 AM","11/6/2023 10:11:07 AM","NT AUTHORITY\SYSTEM",,
"6008","DESKTOP-CJ4GRGF","System.Byte[]","1419","(0)","0","Error","The previous system shutdown at 7:13:25 PM on ?11/?2/?2023 was unexpected.","EventLog","System.String[]","2147489656","11/6/2023 10:09:04 AM","11/6/2023 10:09:04 AM",,,
"10016","DESKTOP-CJ4GRGF","System.Byte[]","1413","(0)","0","Error","The description for Event ID '10016' in Source 'DCOM' cannot be found.  The local computer may not have the necessary registry information or message DLL files to display the message, or you may not have permission to access them.  The following information is part of the event:'application-specific', 'Local', 'Launch', 'Windows.SecurityCenter.SecurityAppBroker', 'Unavailable', 'NT AUTHORITY', 'SYSTEM', 'S-1-5-18', 'LocalHost (Using LRPC)', 'Unavailable', 'Unavailable'","DCOM","System.String[]","10016","10/30/2023 6:53:41 PM","10/30/2023 6:53:41 PM","NT AUTHORITY\SYSTEM",,
"10016","DESKTOP-CJ4GRGF","System.Byte[]","1412","(0)","0","Error","The description for Event ID '10016' in Source 'DCOM' cannot be found.  The local computer may not have the necessary registry information or message DLL files to display the message, or you may not have permission to access them.  The following information is part of the event:'application-specific', 'Local', 'Launch', 'Windows.SecurityCenter.WscBrokerManager', 'Unavailable', 'NT AUTHORITY', 'SYSTEM', 'S-1-5-18', 'LocalHost (Using LRPC)', 'Unavailable', 'Unavailable'","DCOM","System.String[]","10016","10/30/2023 6:53:41 PM","10/30/2023 6:53:41 PM","NT AUTHORITY\SYSTEM",,
"10016","DESKTOP-CJ4GRGF","System.Byte[]","1411","(0)","0","Error","The description for Event ID '10016' in Source 'DCOM' cannot be found.  The local computer may not have the necessary registry information or message DLL files to display the message, or you may not have permission to access them.  The following information is part of the event:'application-specific', 'Local', 'Launch', 'Windows.SecurityCenter.WscDataProtection', 'Unavailable', 'NT AUTHORITY', 'SYSTEM', 'S-1-5-18', 'LocalHost (Using LRPC)', 'Unavailable', 'Unavailable'","DCOM","System.String[]","10016","10/30/2023 6:53:41 PM","10/30/2023 6:53:41 PM","NT AUTHORITY\SYSTEM",,
"6008","DESKTOP-CJ4GRGF","System.Byte[]","1371","(0)","0","Error","The previous system shutdown at 6:50:05 PM on ?10/?30/?2023 was unexpected.","EventLog","System.String[]","2147489656","10/30/2023 6:51:39 PM","10/30/2023 6:51:39 PM",,,
"10005","DESKTOP-CJ4GRGF","System.Byte[]","1369","(0)","0","Error","The description for Event ID '10005' in Source 'DCOM' cannot be found.  The local computer may not have the necessary registry information or message DLL files to display the message, or you may not have permission to access them.  The following information is part of the event:'2', 'GoogleChromeElevationService', 'Unavailable', '{708860E0-F641-4611-8895-7D867DD3675B}'","DCOM","System.String[]","10005","10/30/2023 6:49:35 PM","10/30/2023 6:49:35 PM","DESKTOP-CJ4GRGF\champuser",,
"7000","DESKTOP-CJ4GRGF","System.Byte[]","1368","(0)","0","Error","The Google Chrome Elevation Service (GoogleChromeElevationService) service failed to start due to the following error: 
%%2","Service Control Manager","System.String[]","3221232472","10/30/2023 6:49:35 PM","10/30/2023 6:49:35 PM",,,
"10016","DESKTOP-CJ4GRGF","System.Byte[]","1362","(0)","0","Error","The description for Event ID '10016' in Source 'DCOM' cannot be found.  The local computer may not have the necessary registry information or message DLL files to display the message, or you may not have permission to access them.  The following information is part of the event:'application-specific', 'Local', 'Launch', 'Windows.SecurityCenter.WscDataProtection', 'Unavailable', 'NT AUTHORITY', 'SYSTEM', 'S-1-5-18', 'LocalHost (Using LRPC)', 'Unavailable', 'Unavailable'","DCOM","System.String[]","10016","10/30/2023 6:49:07 PM","10/30/2023 6:49:07 PM","NT AUTHORITY\SYSTEM",,
"6008","DESKTOP-CJ4GRGF","System.Byte[]","1313","(0)","0","Error","The previous system shutdown at 7:19:03 PM on ?10/?17/?2023 was unexpected.","EventLog","System.String[]","2147489656","10/30/2023 6:47:05 PM","10/30/2023 6:47:05 PM",,,
"10005","DESKTOP-CJ4GRGF","System.Byte[]","1312","(0)","0","Error","The description for Event ID '10005' in Source 'DCOM' cannot be found.  The local computer may not have the necessary registry information or message DLL files to display the message, or you may not have permission to access them.  The following information is part of the event:'2', 'GoogleChromeElevationService', 'Unavailable', '{708860E0-F641-4611-8895-7D867DD3675B}'","DCOM","System.String[]","10005","10/17/2023 7:05:11 PM","10/17/2023 7:05:11 PM","DESKTOP-CJ4GRGF\champuser",,
"7000","DESKTOP-CJ4GRGF","System.Byte[]","1311","(0)","0","Error","The Google Chrome Elevation Service (GoogleChromeElevationService) service failed to start due to the following error: 
%%2","Service Control Manager","System.String[]","3221232472","10/17/2023 7:05:11 PM","10/17/2023 7:05:11 PM",,,
"10005","DESKTOP-CJ4GRGF","System.Byte[]","1301","(0)","0","Error","The description for Event ID '10005' in Source 'DCOM' cannot be found.  The local computer may not have the necessary registry information or message DLL files to display the message, or you may not have permission to access them.  The following information is part of the event:'2', 'GoogleChromeElevationService', 'Unavailable', '{708860E0-F641-4611-8895-7D867DD3675B}'","DCOM","System.String[]","10005","10/17/2023 6:52:42 PM","10/17/2023 6:52:42 PM","DESKTOP-CJ4GRGF\champuser",,
"7000","DESKTOP-CJ4GRGF","System.Byte[]","1300","(0)","0","Error","The Google Chrome Elevation Service (GoogleChromeElevationService) service failed to start due to the following error: 
%%2","Service Control Manager","System.String[]","3221232472","10/17/2023 6:52:42 PM","10/17/2023 6:52:42 PM",,,
"10005","DESKTOP-CJ4GRGF","System.Byte[]","1298","(0)","0","Error","The description for Event ID '10005' in Source 'DCOM' cannot be found.  The local computer may not have the necessary registry information or message DLL files to display the message, or you may not have permission to access them.  The following information is part of the event:'2', 'GoogleChromeElevationService', 'Unavailable', '{708860E0-F641-4611-8895-7D867DD3675B}'","DCOM","System.String[]","10005","10/17/2023 6:48:29 PM","10/17/2023 6:48:29 PM","DESKTOP-CJ4GRGF\champuser",,
"7000","DESKTOP-CJ4GRGF","System.Byte[]","1297","(0)","0","Error","The Google Chrome Elevation Service (GoogleChromeElevationService) service failed to start due to the following error: 
%%2","Service Control Manager","System.String[]","3221232472","10/17/2023 6:48:29 PM","10/17/2023 6:48:29 PM",,,
"10016","DESKTOP-CJ4GRGF","System.Byte[]","1296","(0)","0","Error","The description for Event ID '10016' in Source 'DCOM' cannot be found.  The local computer may not have the necessary registry information or message DLL files to display the message, or you may not have permission to access them.  The following information is part of the event:'application-specific', 'Local', 'Launch', 'Windows.SecurityCenter.WscBrokerManager', 'Unavailable', 'NT AUTHORITY', 'SYSTEM', 'S-1-5-18', 'LocalHost (Using LRPC)', 'Unavailable', 'Unavailable'","DCOM","System.String[]","10016","10/17/2023 6:47:05 PM","10/17/2023 6:47:05 PM","NT AUTHORITY\SYSTEM",,
"10016","DESKTOP-CJ4GRGF","System.Byte[]","1295","(0)","0","Error","The description for Event ID '10016' in Source 'DCOM' cannot be found.  The local computer may not have the necessary registry information or message DLL files to display the message, or you may not have permission to access them.  The following information is part of the event:'application-specific', 'Local', 'Launch', 'Windows.SecurityCenter.WscDataProtection', 'Unavailable', 'NT AUTHORITY', 'SYSTEM', 'S-1-5-18', 'LocalHost (Using LRPC)', 'Unavailable', 'Unavailable'","DCOM","System.String[]","10016","10/17/2023 6:47:05 PM","10/17/2023 6:47:05 PM","NT AUTHORITY\SYSTEM",,
"10005","DESKTOP-CJ4GRGF","System.Byte[]","1293","(0)","0","Error","The description for Event ID '10005' in Source 'DCOM' cannot be found.  The local computer may not have the necessary registry information or message DLL files to display the message, or you may not have permission to access them.  The following information is part of the event:'2', 'GoogleChromeElevationService', 'Unavailable', '{708860E0-F641-4611-8895-7D867DD3675B}'","DCOM","System.String[]","10005","10/17/2023 6:45:33 PM","10/17/2023 6:45:33 PM","DESKTOP-CJ4GRGF\champuser",,
"7000","DESKTOP-CJ4GRGF","System.Byte[]","1292","(0)","0","Error","The Google Chrome Elevation Service (GoogleChromeElevationService) service failed to start due to the following error: 
%%2","Service Control Manager","System.String[]","3221232472","10/17/2023 6:45:33 PM","10/17/2023 6:45:33 PM",,,
"6008","DESKTOP-CJ4GRGF","System.Byte[]","1235","(0)","0","Error","The previous system shutdown at 7:17:00 PM on ?9/?20/?2023 was unexpected.","EventLog","System.String[]","2147489656","10/17/2023 6:45:03 PM","10/17/2023 6:45:03 PM",,,
"10005","DESKTOP-CJ4GRGF","System.Byte[]","1230","(0)","0","Error","The description for Event ID '10005' in Source 'DCOM' cannot be found.  The local computer may not have the necessary registry information or message DLL files to display the message, or you may not have permission to access them.  The following information is part of the event:'2', 'GoogleChromeElevationService', 'Unavailable', '{708860E0-F641-4611-8895-7D867DD3675B}'","DCOM","System.String[]","10005","9/20/2023 4:20:15 PM","9/20/2023 4:20:15 PM","DESKTOP-CJ4GRGF\champuser",,
"7000","DESKTOP-CJ4GRGF","System.Byte[]","1229","(0)","0","Error","The Google Chrome Elevation Service (GoogleChromeElevationService) service failed to start due to the following error: 
%%2","Service Control Manager","System.String[]","3221232472","9/20/2023 4:20:15 PM","9/20/2023 4:20:15 PM",,,
"10016","DESKTOP-CJ4GRGF","System.Byte[]","1226","(0)","0","Error","The description for Event ID '10016' in Source 'DCOM' cannot be found.  The local computer may not have the necessary registry information or message DLL files to display the message, or you may not have permission to access them.  The following information is part of the event:'application-specific', 'Local', 'Launch', 'Windows.SecurityCenter.SecurityAppBroker', 'Unavailable', 'NT AUTHORITY', 'SYSTEM', 'S-1-5-18', 'LocalHost (Using LRPC)', 'Unavailable', 'Unavailable'","DCOM","System.String[]","10016","9/20/2023 4:18:00 PM","9/20/2023 4:18:00 PM","NT AUTHORITY\SYSTEM",,
"10016","DESKTOP-CJ4GRGF","System.Byte[]","1225","(0)","0","Error","The description for Event ID '10016' in Source 'DCOM' cannot be found.  The local computer may not have the necessary registry information or message DLL files to display the message, or you may not have permission to access them.  The following information is part of the event:'application-specific', 'Local', 'Launch', 'Windows.SecurityCenter.WscBrokerManager', 'Unavailable', 'NT AUTHORITY', 'SYSTEM', 'S-1-5-18', 'LocalHost (Using LRPC)', 'Unavailable', 'Unavailable'","DCOM","System.String[]","10016","9/20/2023 4:18:00 PM","9/20/2023 4:18:00 PM","NT AUTHORITY\SYSTEM",,
"6008","DESKTOP-CJ4GRGF","System.Byte[]","1169","(0)","0","Error","The previous system shutdown at 8:15:29 PM on ?9/?12/?2023 was unexpected.","EventLog","System.String[]","2147489656","9/20/2023 4:15:57 PM","9/20/2023 4:15:57 PM",,,
"10016","DESKTOP-CJ4GRGF","System.Byte[]","1157","(0)","0","Error","The description for Event ID '10016' in Source 'DCOM' cannot be found.  The local computer may not have the necessary registry information or message DLL files to display the message, or you may not have permission to access them.  The following information is part of the event:'application-specific', 'Local', 'Launch', 'Windows.SecurityCenter.WscBrokerManager', 'Unavailable', 'NT AUTHORITY', 'SYSTEM', 'S-1-5-18', 'LocalHost (Using LRPC)', 'Unavailable', 'Unavailable'","DCOM","System.String[]","10016","9/12/2023 5:56:32 PM","9/12/2023 5:56:32 PM","NT AUTHORITY\SYSTEM",,
"10016","DESKTOP-CJ4GRGF","System.Byte[]","1156","(0)","0","Error","The description for Event ID '10016' in Source 'DCOM' cannot be found.  The local computer may not have the necessary registry information or message DLL files to display the message, or you may not have permission to access them.  The following information is part of the event:'application-specific', 'Local', 'Launch', 'Windows.SecurityCenter.SecurityAppBroker', 'Unavailable', 'NT AUTHORITY', 'SYSTEM', 'S-1-5-18', 'LocalHost (Using LRPC)', 'Unavailable', 'Unavailable'","DCOM","System.String[]","10016","9/12/2023 5:56:32 PM","9/12/2023 5:56:32 PM","NT AUTHORITY\SYSTEM",,
"6008","DESKTOP-CJ4GRGF","System.Byte[]","1108","(0)","0","Error","The previous system shutdown at 9:44:00 AM on ?9/?7/?2023 was unexpected.","EventLog","System.String[]","2147489656","9/12/2023 5:54:27 PM","9/12/2023 5:54:27 PM",,,
"10016","DESKTOP-CJ4GRGF","System.Byte[]","1104","(0)","0","Error","The description for Event ID '10016' in Source 'DCOM' cannot be found.  The local computer may not have the necessary registry information or message DLL files to display the message, or you may not have permission to access them.  The following information is part of the event:'application-specific', 'Local', 'Launch', 'Windows.SecurityCenter.WscDataProtection', 'Unavailable', 'NT AUTHORITY', 'SYSTEM', 'S-1-5-18', 'LocalHost (Using LRPC)', 'Unavailable', 'Unavailable'","DCOM","System.String[]","10016","9/7/2023 9:38:03 AM","9/7/2023 9:38:03 AM","NT AUTHORITY\SYSTEM",,
"10016","DESKTOP-CJ4GRGF","System.Byte[]","1103","(0)","0","Error","The description for Event ID '10016' in Source 'DCOM' cannot be found.  The local computer may not have the necessary registry information or message DLL files to display the message, or you may not have permission to access them.  The following information is part of the event:'application-specific', 'Local', 'Launch', 'Windows.SecurityCenter.SecurityAppBroker', 'Unavailable', 'NT AUTHORITY', 'SYSTEM', 'S-1-5-18', 'LocalHost (Using LRPC)', 'Unavailable', 'Unavailable'","DCOM","System.String[]","10016","9/7/2023 9:38:03 AM","9/7/2023 9:38:03 AM","NT AUTHORITY\SYSTEM",,
"10016","DESKTOP-CJ4GRGF","System.Byte[]","1102","(0)","0","Error","The description for Event ID '10016' in Source 'DCOM' cannot be found.  The local computer may not have the necessary registry information or message DLL files to display the message, or you may not have permission to access them.  The following information is part of the event:'application-specific', 'Local', 'Launch', 'Windows.SecurityCenter.WscBrokerManager', 'Unavailable', 'NT AUTHORITY', 'SYSTEM', 'S-1-5-18', 'LocalHost (Using LRPC)', 'Unavailable', 'Unavailable'","DCOM","System.String[]","10016","9/7/2023 9:38:03 AM","9/7/2023 9:38:03 AM","NT AUTHORITY\SYSTEM",,
"7023","DESKTOP-IU0GBC2","System.Byte[]","984","(0)","0","Error","The iphlpsvc service terminated with the following error: 
%%21","Service Control Manager","System.String[]","3221232495","9/7/2023 9:36:28 AM","9/7/2023 9:36:28 AM",,,
"10317","DESKTOP-IU0GBC2","System.Byte[]","922","(2)","2","Error","Miniport Intel(R) 82574L Gigabit Network Connection, {51388d40-f283-4701-a692-85bf0fda2a1e}, had event 76","Microsoft-Windows-NDIS","System.String[]","10317","6/19/2022 5:11:58 PM","6/19/2022 5:11:58 PM","",,
