"EventID","MachineName","Data","Index","Category","CategoryNumber","EntryType","Message","Source","ReplacementStrings","InstanceId","TimeGenerated","TimeWritten","UserName","Site","Container"
"8198","DESKTOP-CJ4GRGF","System.Byte[]","944","(0)","0","Error","License Activation (slui.exe) failed with the following error code:
hr=0x8007007B
Command-line arguments:
RuleId=eeba1977-569e-4571-b639-7623d8bfecc0;Action=AutoActivate;AppId=55c92734-d682-4d71-983e-d6ec3f16059f;SkuId=32d2fab3-e4a8-42c2-923b-4bf4fd13e6ee;NotificationInterval=1440;Trigger=NetworkAvailable","Software Protection Platform Service","System.String[]","3221233670","11/13/2023 6:14:30 PM","11/13/2023 6:14:30 PM",,,
"8198","DESKTOP-CJ4GRGF","System.Byte[]","941","(0)","0","Error","License Activation (slui.exe) failed with the following error code:
hr=0x8007267C
Command-line arguments:
RuleId=eeba1977-569e-4571-b639-7623d8bfecc0;Action=AutoActivate;AppId=55c92734-d682-4d71-983e-d6ec3f16059f;SkuId=32d2fab3-e4a8-42c2-923b-4bf4fd13e6ee;NotificationInterval=1440;Trigger=NetworkAvailable","Software Protection Platform Service","System.String[]","3221233670","11/13/2023 6:14:20 PM","11/13/2023 6:14:20 PM",,,
"8198","DESKTOP-CJ4GRGF","System.Byte[]","926","(0)","0","Error","License Activation (slui.exe) failed with the following error code:
hr=0x800705B4
Command-line arguments:
RuleId=eeba1977-569e-4571-b639-7623d8bfecc0;Action=AutoActivate;AppId=55c92734-d682-4d71-983e-d6ec3f16059f;SkuId=32d2fab3-e4a8-42c2-923b-4bf4fd13e6ee;NotificationInterval=1440;Trigger=TimerEvent","Software Protection Platform Service","System.String[]","3221233670","11/13/2023 6:11:26 PM","11/13/2023 6:11:26 PM",,,
"8198","DESKTOP-CJ4GRGF","System.Byte[]","924","(0)","0","Error","License Activation (slui.exe) failed with the following error code:
hr=0x800705B4
Command-line arguments:
RuleId=eeba1977-569e-4571-b639-7623d8bfecc0;Action=AutoActivate;AppId=55c92734-d682-4d71-983e-d6ec3f16059f;SkuId=32d2fab3-e4a8-42c2-923b-4bf4fd13e6ee;NotificationInterval=1440;Trigger=NetworkAvailable","Software Protection Platform Service","System.String[]","3221233670","11/13/2023 6:11:26 PM","11/13/2023 6:11:26 PM",,,
"8198","DESKTOP-CJ4GRGF","System.Byte[]","920","(0)","0","Error","License Activation (slui.exe) failed with the following error code:
hr=0x800705B4
Command-line arguments:
RuleId=eeba1977-569e-4571-b639-7623d8bfecc0;Action=AutoActivate;AppId=55c92734-d682-4d71-983e-d6ec3f16059f;SkuId=32d2fab3-e4a8-42c2-923b-4bf4fd13e6ee;NotificationInterval=1440;Trigger=UserLogon;SessionId=1","Software Protection Platform Service","System.String[]","3221233670","11/13/2023 6:11:18 PM","11/13/2023 6:11:18 PM",,,
"257","DESKTOP-CJ4GRGF","System.Byte[]","917","General","1","Error","The ""vmStatsProvider"" can not be initialized.
""vmGuestLib"" returns error ""VMware Guest API is not enabled on the host"" (3).","vmStatsProvider","System.String[]","3221356801","11/13/2023 6:11:10 PM","11/13/2023 6:11:10 PM",,,
"259","DESKTOP-CJ4GRGF","System.Byte[]","916","Guest Library API","2","Error","Unable to start ""vmGuestLibrary"".
Error: ""VMware Guest API is not enabled on the host"" (3).","vmStatsProvider","System.String[]","3221356803","11/13/2023 6:11:10 PM","11/13/2023 6:11:10 PM",,,
"257","DESKTOP-CJ4GRGF","System.Byte[]","915","General","1","Error","The ""vmStatsProvider"" can not be initialized.
""vmGuestLib"" returns error ""VMware Guest API is not enabled on the host"" (3).","vmStatsProvider","System.String[]","3221356801","11/13/2023 6:11:10 PM","11/13/2023 6:11:10 PM",,,
"259","DESKTOP-CJ4GRGF","System.Byte[]","914","Guest Library API","2","Error","Unable to start ""vmGuestLibrary"".
Error: ""VMware Guest API is not enabled on the host"" (3).","vmStatsProvider","System.String[]","3221356803","11/13/2023 6:11:10 PM","11/13/2023 6:11:10 PM",,,
"257","DESKTOP-CJ4GRGF","System.Byte[]","877","General","1","Error","The ""vmStatsProvider"" can not be initialized.
""vmGuestLib"" returns error ""VMware Guest API is not enabled on the host"" (3).","vmStatsProvider","System.String[]","3221356801","11/6/2023 10:09:31 AM","11/6/2023 10:09:31 AM",,,
"259","DESKTOP-CJ4GRGF","System.Byte[]","876","Guest Library API","2","Error","Unable to start ""vmGuestLibrary"".
Error: ""VMware Guest API is not enabled on the host"" (3).","vmStatsProvider","System.String[]","3221356803","11/6/2023 10:09:31 AM","11/6/2023 10:09:31 AM",,,
"257","DESKTOP-CJ4GRGF","System.Byte[]","875","General","1","Error","The ""vmStatsProvider"" can not be initialized.
""vmGuestLib"" returns error ""VMware Guest API is not enabled on the host"" (3).","vmStatsProvider","System.String[]","3221356801","11/6/2023 10:09:31 AM","11/6/2023 10:09:31 AM",,,
"259","DESKTOP-CJ4GRGF","System.Byte[]","874","Guest Library API","2","Error","Unable to start ""vmGuestLibrary"".
Error: ""VMware Guest API is not enabled on the host"" (3).","vmStatsProvider","System.String[]","3221356803","11/6/2023 10:09:31 AM","11/6/2023 10:09:31 AM",,,
"8198","DESKTOP-CJ4GRGF","System.Byte[]","873","(0)","0","Error","License Activation (slui.exe) failed with the following error code:
hr=0x8007007B
Command-line arguments:
RuleId=eeba1977-569e-4571-b639-7623d8bfecc0;Action=AutoActivate;AppId=55c92734-d682-4d71-983e-d6ec3f16059f;SkuId=32d2fab3-e4a8-42c2-923b-4bf4fd13e6ee;NotificationInterval=1440;Trigger=UserLogon;SessionId=1","Software Protection Platform Service","System.String[]","3221233670","11/6/2023 10:09:18 AM","11/6/2023 10:09:18 AM",,,
"8198","DESKTOP-CJ4GRGF","System.Byte[]","868","(0)","0","Error","License Activation (slui.exe) failed with the following error code:
hr=0x8007139F
Command-line arguments:
RuleId=eeba1977-569e-4571-b639-7623d8bfecc0;Action=AutoActivate;AppId=55c92734-d682-4d71-983e-d6ec3f16059f;SkuId=32d2fab3-e4a8-42c2-923b-4bf4fd13e6ee;NotificationInterval=1440;Trigger=NetworkAvailable","Software Protection Platform Service","System.String[]","3221233670","11/6/2023 10:09:10 AM","11/6/2023 10:09:10 AM",,,
"8198","DESKTOP-CJ4GRGF","System.Byte[]","866","(0)","0","Error","License Activation (slui.exe) failed with the following error code:
hr=0x8007139F
Command-line arguments:
RuleId=eeba1977-569e-4571-b639-7623d8bfecc0;Action=AutoActivate;AppId=55c92734-d682-4d71-983e-d6ec3f16059f;SkuId=32d2fab3-e4a8-42c2-923b-4bf4fd13e6ee;NotificationInterval=1440;Trigger=TimerEvent","Software Protection Platform Service","System.String[]","3221233670","11/6/2023 10:09:09 AM","11/6/2023 10:09:09 AM",,,
"8198","DESKTOP-CJ4GRGF","System.Byte[]","839","(0)","0","Error","License Activation (slui.exe) failed with the following error code:
hr=0x8007007B
Command-line arguments:
RuleId=eeba1977-569e-4571-b639-7623d8bfecc0;Action=AutoActivate;AppId=55c92734-d682-4d71-983e-d6ec3f16059f;SkuId=32d2fab3-e4a8-42c2-923b-4bf4fd13e6ee;NotificationInterval=1440;Trigger=TimerEvent","Software Protection Platform Service","System.String[]","3221233670","11/2/2023 7:10:32 PM","11/2/2023 7:10:32 PM",,,
"257","DESKTOP-CJ4GRGF","System.Byte[]","820","General","1","Error","The ""vmStatsProvider"" can not be initialized.
""vmGuestLib"" returns error ""VMware Guest API is not enabled on the host"" (3).","vmStatsProvider","System.String[]","3221356801","10/30/2023 6:52:03 PM","10/30/2023 6:52:03 PM",,,
"259","DESKTOP-CJ4GRGF","System.Byte[]","819","Guest Library API","2","Error","Unable to start ""vmGuestLibrary"".
Error: ""VMware Guest API is not enabled on the host"" (3).","vmStatsProvider","System.String[]","3221356803","10/30/2023 6:52:03 PM","10/30/2023 6:52:03 PM",,,
"257","DESKTOP-CJ4GRGF","System.Byte[]","818","General","1","Error","The ""vmStatsProvider"" can not be initialized.
""vmGuestLib"" returns error ""VMware Guest API is not enabled on the host"" (3).","vmStatsProvider","System.String[]","3221356801","10/30/2023 6:52:03 PM","10/30/2023 6:52:03 PM",,,
"259","DESKTOP-CJ4GRGF","System.Byte[]","817","Guest Library API","2","Error","Unable to start ""vmGuestLibrary"".
Error: ""VMware Guest API is not enabled on the host"" (3).","vmStatsProvider","System.String[]","3221356803","10/30/2023 6:52:03 PM","10/30/2023 6:52:03 PM",,,
"8198","DESKTOP-CJ4GRGF","System.Byte[]","816","(0)","0","Error","License Activation (slui.exe) failed with the following error code:
hr=0x8007007B
Command-line arguments:
RuleId=eeba1977-569e-4571-b639-7623d8bfecc0;Action=AutoActivate;AppId=55c92734-d682-4d71-983e-d6ec3f16059f;SkuId=32d2fab3-e4a8-42c2-923b-4bf4fd13e6ee;NotificationInterval=1440;Trigger=NetworkAvailable","Software Protection Platform Service","System.String[]","3221233670","10/30/2023 6:51:57 PM","10/30/2023 6:51:57 PM",,,
"8198","DESKTOP-CJ4GRGF","System.Byte[]","813","(0)","0","Error","License Activation (slui.exe) failed with the following error code:
hr=0x8007007B
Command-line arguments:
RuleId=eeba1977-569e-4571-b639-7623d8bfecc0;Action=AutoActivate;AppId=55c92734-d682-4d71-983e-d6ec3f16059f;SkuId=32d2fab3-e4a8-42c2-923b-4bf4fd13e6ee;NotificationInterval=1440;Trigger=UserLogon;SessionId=1","Software Protection Platform Service","System.String[]","3221233670","10/30/2023 6:51:55 PM","10/30/2023 6:51:55 PM",,,
"8198","DESKTOP-CJ4GRGF","System.Byte[]","788","(0)","0","Error","License Activation (slui.exe) failed with the following error code:
hr=0x8007007B
Command-line arguments:
RuleId=eeba1977-569e-4571-b639-7623d8bfecc0;Action=AutoActivate;AppId=55c92734-d682-4d71-983e-d6ec3f16059f;SkuId=32d2fab3-e4a8-42c2-923b-4bf4fd13e6ee;NotificationInterval=1440;Trigger=UserLogon;SessionId=1","Software Protection Platform Service","System.String[]","3221233670","10/30/2023 6:49:28 PM","10/30/2023 6:49:28 PM",,,
"257","DESKTOP-CJ4GRGF","System.Byte[]","775","General","1","Error","The ""vmStatsProvider"" can not be initialized.
""vmGuestLib"" returns error ""VMware Guest API is not enabled on the host"" (3).","vmStatsProvider","System.String[]","3221356801","10/30/2023 6:47:29 PM","10/30/2023 6:47:29 PM",,,
"259","DESKTOP-CJ4GRGF","System.Byte[]","774","Guest Library API","2","Error","Unable to start ""vmGuestLibrary"".
Error: ""VMware Guest API is not enabled on the host"" (3).","vmStatsProvider","System.String[]","3221356803","10/30/2023 6:47:29 PM","10/30/2023 6:47:29 PM",,,
"257","DESKTOP-CJ4GRGF","System.Byte[]","773","General","1","Error","The ""vmStatsProvider"" can not be initialized.
""vmGuestLib"" returns error ""VMware Guest API is not enabled on the host"" (3).","vmStatsProvider","System.String[]","3221356801","10/30/2023 6:47:29 PM","10/30/2023 6:47:29 PM",,,
"259","DESKTOP-CJ4GRGF","System.Byte[]","772","Guest Library API","2","Error","Unable to start ""vmGuestLibrary"".
Error: ""VMware Guest API is not enabled on the host"" (3).","vmStatsProvider","System.String[]","3221356803","10/30/2023 6:47:29 PM","10/30/2023 6:47:29 PM",,,
"8198","DESKTOP-CJ4GRGF","System.Byte[]","771","(0)","0","Error","License Activation (slui.exe) failed with the following error code:
hr=0x8007139F
Command-line arguments:
RuleId=eeba1977-569e-4571-b639-7623d8bfecc0;Action=AutoActivate;AppId=55c92734-d682-4d71-983e-d6ec3f16059f;SkuId=32d2fab3-e4a8-42c2-923b-4bf4fd13e6ee;NotificationInterval=1440;Trigger=NetworkAvailable","Software Protection Platform Service","System.String[]","3221233670","10/30/2023 6:47:16 PM","10/30/2023 6:47:16 PM",,,
"8198","DESKTOP-CJ4GRGF","System.Byte[]","769","(0)","0","Error","License Activation (slui.exe) failed with the following error code:
hr=0x8007139F
Command-line arguments:
RuleId=eeba1977-569e-4571-b639-7623d8bfecc0;Action=AutoActivate;AppId=55c92734-d682-4d71-983e-d6ec3f16059f;SkuId=32d2fab3-e4a8-42c2-923b-4bf4fd13e6ee;NotificationInterval=1440;Trigger=TimerEvent","Software Protection Platform Service","System.String[]","3221233670","10/30/2023 6:47:10 PM","10/30/2023 6:47:10 PM",,,
"8198","DESKTOP-CJ4GRGF","System.Byte[]","722","(0)","0","Error","License Activation (slui.exe) failed with the following error code:
hr=0x8007007B
Command-line arguments:
RuleId=eeba1977-569e-4571-b639-7623d8bfecc0;Action=AutoActivate;AppId=55c92734-d682-4d71-983e-d6ec3f16059f;SkuId=32d2fab3-e4a8-42c2-923b-4bf4fd13e6ee;NotificationInterval=1440;Trigger=UserLogon;SessionId=1","Software Protection Platform Service","System.String[]","3221233670","10/17/2023 6:45:34 PM","10/17/2023 6:45:34 PM",,,
"257","DESKTOP-CJ4GRGF","System.Byte[]","719","General","1","Error","The ""vmStatsProvider"" can not be initialized.
""vmGuestLib"" returns error ""VMware Guest API is not enabled on the host"" (3).","vmStatsProvider","System.String[]","3221356801","10/17/2023 6:45:29 PM","10/17/2023 6:45:29 PM",,,
"259","DESKTOP-CJ4GRGF","System.Byte[]","718","Guest Library API","2","Error","Unable to start ""vmGuestLibrary"".
Error: ""VMware Guest API is not enabled on the host"" (3).","vmStatsProvider","System.String[]","3221356803","10/17/2023 6:45:29 PM","10/17/2023 6:45:29 PM",,,
"257","DESKTOP-CJ4GRGF","System.Byte[]","717","General","1","Error","The ""vmStatsProvider"" can not be initialized.
""vmGuestLib"" returns error ""VMware Guest API is not enabled on the host"" (3).","vmStatsProvider","System.String[]","3221356801","10/17/2023 6:45:29 PM","10/17/2023 6:45:29 PM",,,
"259","DESKTOP-CJ4GRGF","System.Byte[]","716","Guest Library API","2","Error","Unable to start ""vmGuestLibrary"".
Error: ""VMware Guest API is not enabled on the host"" (3).","vmStatsProvider","System.String[]","3221356803","10/17/2023 6:45:29 PM","10/17/2023 6:45:29 PM",,,
"8198","DESKTOP-CJ4GRGF","System.Byte[]","713","(0)","0","Error","License Activation (slui.exe) failed with the following error code:
hr=0x8007139F
Command-line arguments:
RuleId=eeba1977-569e-4571-b639-7623d8bfecc0;Action=AutoActivate;AppId=55c92734-d682-4d71-983e-d6ec3f16059f;SkuId=32d2fab3-e4a8-42c2-923b-4bf4fd13e6ee;NotificationInterval=1440;Trigger=NetworkAvailable","Software Protection Platform Service","System.String[]","3221233670","10/17/2023 6:45:15 PM","10/17/2023 6:45:15 PM",,,
"8198","DESKTOP-CJ4GRGF","System.Byte[]","711","(0)","0","Error","License Activation (slui.exe) failed with the following error code:
hr=0x8007139F
Command-line arguments:
RuleId=eeba1977-569e-4571-b639-7623d8bfecc0;Action=AutoActivate;AppId=55c92734-d682-4d71-983e-d6ec3f16059f;SkuId=32d2fab3-e4a8-42c2-923b-4bf4fd13e6ee;NotificationInterval=1440;Trigger=TimerEvent","Software Protection Platform Service","System.String[]","3221233670","10/17/2023 6:45:13 PM","10/17/2023 6:45:13 PM",,,
"257","DESKTOP-CJ4GRGF","System.Byte[]","665","General","1","Error","The ""vmStatsProvider"" can not be initialized.
""vmGuestLib"" returns error ""VMware Guest API is not enabled on the host"" (3).","vmStatsProvider","System.String[]","3221356801","9/20/2023 4:16:20 PM","9/20/2023 4:16:20 PM",,,
"259","DESKTOP-CJ4GRGF","System.Byte[]","664","Guest Library API","2","Error","Unable to start ""vmGuestLibrary"".
Error: ""VMware Guest API is not enabled on the host"" (3).","vmStatsProvider","System.String[]","3221356803","9/20/2023 4:16:20 PM","9/20/2023 4:16:20 PM",,,
"257","DESKTOP-CJ4GRGF","System.Byte[]","663","General","1","Error","The ""vmStatsProvider"" can not be initialized.
""vmGuestLib"" returns error ""VMware Guest API is not enabled on the host"" (3).","vmStatsProvider","System.String[]","3221356801","9/20/2023 4:16:20 PM","9/20/2023 4:16:20 PM",,,
"259","DESKTOP-CJ4GRGF","System.Byte[]","662","Guest Library API","2","Error","Unable to start ""vmGuestLibrary"".
Error: ""VMware Guest API is not enabled on the host"" (3).","vmStatsProvider","System.String[]","3221356803","9/20/2023 4:16:20 PM","9/20/2023 4:16:20 PM",,,
"8198","DESKTOP-CJ4GRGF","System.Byte[]","661","(0)","0","Error","License Activation (slui.exe) failed with the following error code:
hr=0x8007007B
Command-line arguments:
RuleId=eeba1977-569e-4571-b639-7623d8bfecc0;Action=AutoActivate;AppId=55c92734-d682-4d71-983e-d6ec3f16059f;SkuId=32d2fab3-e4a8-42c2-923b-4bf4fd13e6ee;NotificationInterval=1440;Trigger=UserLogon;SessionId=1","Software Protection Platform Service","System.String[]","3221233670","9/20/2023 4:16:15 PM","9/20/2023 4:16:15 PM",,,
"8198","DESKTOP-CJ4GRGF","System.Byte[]","656","(0)","0","Error","License Activation (slui.exe) failed with the following error code:
hr=0x8007139F
Command-line arguments:
RuleId=eeba1977-569e-4571-b639-7623d8bfecc0;Action=AutoActivate;AppId=55c92734-d682-4d71-983e-d6ec3f16059f;SkuId=32d2fab3-e4a8-42c2-923b-4bf4fd13e6ee;NotificationInterval=1440;Trigger=NetworkAvailable","Software Protection Platform Service","System.String[]","3221233670","9/20/2023 4:16:02 PM","9/20/2023 4:16:02 PM",,,
"8198","DESKTOP-CJ4GRGF","System.Byte[]","654","(0)","0","Error","License Activation (slui.exe) failed with the following error code:
hr=0x8007139F
Command-line arguments:
RuleId=eeba1977-569e-4571-b639-7623d8bfecc0;Action=AutoActivate;AppId=55c92734-d682-4d71-983e-d6ec3f16059f;SkuId=32d2fab3-e4a8-42c2-923b-4bf4fd13e6ee;NotificationInterval=1440;Trigger=TimerEvent","Software Protection Platform Service","System.String[]","3221233670","9/20/2023 4:16:02 PM","9/20/2023 4:16:02 PM",,,
"8198","DESKTOP-CJ4GRGF","System.Byte[]","601","(0)","0","Error","License Activation (slui.exe) failed with the following error code:
hr=0x8007007B
Command-line arguments:
RuleId=eeba1977-569e-4571-b639-7623d8bfecc0;Action=AutoActivate;AppId=55c92734-d682-4d71-983e-d6ec3f16059f;SkuId=32d2fab3-e4a8-42c2-923b-4bf4fd13e6ee;NotificationInterval=1440;Trigger=NetworkAvailable","Software Protection Platform Service","System.String[]","3221233670","9/12/2023 5:54:54 PM","9/12/2023 5:54:54 PM",,,
"257","DESKTOP-CJ4GRGF","System.Byte[]","598","General","1","Error","The ""vmStatsProvider"" can not be initialized.
""vmGuestLib"" returns error ""VMware Guest API is not enabled on the host"" (3).","vmStatsProvider","System.String[]","3221356801","9/12/2023 5:54:52 PM","9/12/2023 5:54:52 PM",,,
"259","DESKTOP-CJ4GRGF","System.Byte[]","597","Guest Library API","2","Error","Unable to start ""vmGuestLibrary"".
Error: ""VMware Guest API is not enabled on the host"" (3).","vmStatsProvider","System.String[]","3221356803","9/12/2023 5:54:52 PM","9/12/2023 5:54:52 PM",,,
"257","DESKTOP-CJ4GRGF","System.Byte[]","596","General","1","Error","The ""vmStatsProvider"" can not be initialized.
""vmGuestLib"" returns error ""VMware Guest API is not enabled on the host"" (3).","vmStatsProvider","System.String[]","3221356801","9/12/2023 5:54:52 PM","9/12/2023 5:54:52 PM",,,
"259","DESKTOP-CJ4GRGF","System.Byte[]","595","Guest Library API","2","Error","Unable to start ""vmGuestLibrary"".
Error: ""VMware Guest API is not enabled on the host"" (3).","vmStatsProvider","System.String[]","3221356803","9/12/2023 5:54:52 PM","9/12/2023 5:54:52 PM",,,
"8198","DESKTOP-CJ4GRGF","System.Byte[]","594","(0)","0","Error","License Activation (slui.exe) failed with the following error code:
hr=0x8007007B
Command-line arguments:
RuleId=eeba1977-569e-4571-b639-7623d8bfecc0;Action=AutoActivate;AppId=55c92734-d682-4d71-983e-d6ec3f16059f;SkuId=32d2fab3-e4a8-42c2-923b-4bf4fd13e6ee;NotificationInterval=1440;Trigger=NetworkAvailable","Software Protection Platform Service","System.String[]","3221233670","9/12/2023 5:54:52 PM","9/12/2023 5:54:52 PM",,,
"8198","DESKTOP-CJ4GRGF","System.Byte[]","591","(0)","0","Error","License Activation (slui.exe) failed with the following error code:
hr=0x8007007B
Command-line arguments:
RuleId=eeba1977-569e-4571-b639-7623d8bfecc0;Action=AutoActivate;AppId=55c92734-d682-4d71-983e-d6ec3f16059f;SkuId=32d2fab3-e4a8-42c2-923b-4bf4fd13e6ee;NotificationInterval=1440;Trigger=UserLogon;SessionId=1","Software Protection Platform Service","System.String[]","3221233670","9/12/2023 5:54:49 PM","9/12/2023 5:54:49 PM",,,
"8198","DESKTOP-CJ4GRGF","System.Byte[]","589","(0)","0","Error","License Activation (slui.exe) failed with the following error code:
hr=0x8007007B
Command-line arguments:
RuleId=eeba1977-569e-4571-b639-7623d8bfecc0;Action=AutoActivate;AppId=55c92734-d682-4d71-983e-d6ec3f16059f;SkuId=32d2fab3-e4a8-42c2-923b-4bf4fd13e6ee;NotificationInterval=1440;Trigger=TimerEvent","Software Protection Platform Service","System.String[]","3221233670","9/12/2023 5:54:49 PM","9/12/2023 5:54:49 PM",,,
"16","DESKTOP-CJ4GRGF","System.Byte[]","565","(0)","0","Error","Error while updating Windows Defender status to SECURITY_PRODUCT_STATE_ON.","SecurityCenter","System.String[]","3221225488","9/7/2023 9:38:05 AM","9/7/2023 9:38:05 AM",,,
"16","DESKTOP-CJ4GRGF","System.Byte[]","563","(0)","0","Error","Error while updating Windows Defender status to SECURITY_PRODUCT_STATE_ON.","SecurityCenter","System.String[]","3221225488","9/7/2023 9:38:05 AM","9/7/2023 9:38:05 AM",,,
"8198","DESKTOP-CJ4GRGF","System.Byte[]","554","(0)","0","Error","License Activation (slui.exe) failed with the following error code:
hr=0x8007007B
Command-line arguments:
RuleId=eeba1977-569e-4571-b639-7623d8bfecc0;Action=AutoActivate;AppId=55c92734-d682-4d71-983e-d6ec3f16059f;SkuId=32d2fab3-e4a8-42c2-923b-4bf4fd13e6ee;NotificationInterval=1440;Trigger=UserLogon;SessionId=1","Software Protection Platform Service","System.String[]","3221233670","9/7/2023 9:36:46 AM","9/7/2023 9:36:46 AM",,,
"257","DESKTOP-CJ4GRGF","System.Byte[]","545","General","1","Error","The ""vmStatsProvider"" can not be initialized.
""vmGuestLib"" returns error ""VMware Guest API is not enabled on the host"" (3).","vmStatsProvider","System.String[]","3221356801","9/7/2023 9:36:26 AM","9/7/2023 9:36:26 AM",,,
"259","DESKTOP-CJ4GRGF","System.Byte[]","544","Guest Library API","2","Error","Unable to start ""vmGuestLibrary"".
Error: ""VMware Guest API is not enabled on the host"" (3).","vmStatsProvider","System.String[]","3221356803","9/7/2023 9:36:26 AM","9/7/2023 9:36:26 AM",,,
"257","DESKTOP-CJ4GRGF","System.Byte[]","543","General","1","Error","The ""vmStatsProvider"" can not be initialized.
""vmGuestLib"" returns error ""VMware Guest API is not enabled on the host"" (3).","vmStatsProvider","System.String[]","3221356801","9/7/2023 9:36:26 AM","9/7/2023 9:36:26 AM",,,
"259","DESKTOP-CJ4GRGF","System.Byte[]","542","Guest Library API","2","Error","Unable to start ""vmGuestLibrary"".
Error: ""VMware Guest API is not enabled on the host"" (3).","vmStatsProvider","System.String[]","3221356803","9/7/2023 9:36:26 AM","9/7/2023 9:36:26 AM",,,
"4691","DESKTOP-IU0GBC2","System.Byte[]","517","(21)","21","Error","The description for Event ID '-1073606061' in Source 'COM+' cannot be found.  The local computer may not have the necessary registry information or message DLL files to display the message, or you may not have permission to access them.  The following information is part of the event:'(DtcGetTransactionManagerEx(): hr = 0x8004d01b)'","COM+","System.String[]","3221361235","9/7/2023 9:36:30 AM","9/7/2023 9:36:30 AM",,,
