"EventID","MachineName","Data","Index","Category","CategoryNumber","EntryType","Message","Source","ReplacementStrings","InstanceId","TimeGenerated","TimeWritten","UserName","Site","Container"
"4625","DESKTOP-CJ4GRGF","System.Byte[]","9679","(12544)","12544","FailureAudit","An account failed to log on.

Subject:
	Security ID:		S-1-5-18
	Account Name:		DESKTOP-CJ4GRGF$
	Account Domain:		WORKGROUP
	Logon ID:		0x3e7

Logon Type:			2

Account For Which Logon Failed:
	Security ID:		S-1-0-0
	Account Name:		champuser
	Account Domain:		DESKTOP-CJ4GRGF

Failure Information:
	Failure Reason:		%%2313
	Status:			0xc000006d
	Sub Status:		0xc000006a

Process Information:
	Caller Process ID:	0x648
	Caller Process Name:	C:\Windows\System32\svchost.exe

Network Information:
	Workstation Name:	DESKTOP-CJ4GRGF
	Source Network Address:	127.0.0.1
	Source Port:		0

Detailed Authentication Information:
	Logon Process:		User32 
	Authentication Package:	Negotiate
	Transited Services:	-
	Package Name (NTLM only):	-
	Key Length:		0

This event is generated when a logon request fails. It is generated on the computer where access was attempted.

The Subject fields indicate the account on the local system which requested the logon. This is most commonly a service such as the Server service, or a local process such as Winlogon.exe or Services.exe.

The Logon Type field indicates the kind of logon that was requested. The most common types are 2 (interactive) and 3 (network).

The Process Information fields indicate which account and process on the system requested the logon.

The Network Information fields indicate where a remote logon request originated. Workstation name is not always available and may be left blank in some cases.

The authentication information fields provide detailed information about this specific logon request.
	- Transited services indicate which intermediate services have participated in this logon request.
	- Package name indicates which sub-protocol was used among the NTLM protocols.
	- Key length indicates the length of the generated session key. This will be 0 if no session key was requested.","Microsoft-Windows-Security-Auditing","System.String[]","4625","10/17/2023 6:45:17 PM","10/17/2023 6:45:17 PM",,,
"5061","DESKTOP-CJ4GRGF","System.Byte[]","9044","(12290)","12290","FailureAudit","Cryptographic operation.

Subject:
	Security ID:		S-1-5-19
	Account Name:		LOCAL SERVICE
	Account Domain:		NT AUTHORITY
	Logon ID:		0x3e5

Cryptographic Parameters:
	Provider Name:	Microsoft Software Key Storage Provider
	Algorithm Name:	UNKNOWN
	Key Name:	Microsoft Connected Devices Platform device certificate
	Key Type:	%%2500

Cryptographic Operation:
	Operation:	%%2480
	Return Code:	0x80090016","Microsoft-Windows-Security-Auditing","System.String[]","5061","9/7/2023 9:36:37 AM","9/7/2023 9:36:37 AM",,,
"5061","DESKTOP-CJ4GRGF","System.Byte[]","9031","(12290)","12290","FailureAudit","Cryptographic operation.

Subject:
	Security ID:		S-1-5-21-1362275802-4222804866-3020813441-1002
	Account Name:		champuser
	Account Domain:		DESKTOP-CJ4GRGF
	Logon ID:		0x64ce7

Cryptographic Parameters:
	Provider Name:	Microsoft Software Key Storage Provider
	Algorithm Name:	UNKNOWN
	Key Name:	Microsoft Connected Devices Platform device certificate
	Key Type:	%%2500

Cryptographic Operation:
	Operation:	%%2480
	Return Code:	0x80090016","Microsoft-Windows-Security-Auditing","System.String[]","5061","9/7/2023 9:36:37 AM","9/7/2023 9:36:37 AM",,,
"5061","DESKTOP-CJ4GRGF","System.Byte[]","9030","(12290)","12290","FailureAudit","Cryptographic operation.

Subject:
	Security ID:		S-1-5-21-1362275802-4222804866-3020813441-1002
	Account Name:		champuser
	Account Domain:		DESKTOP-CJ4GRGF
	Logon ID:		0x64ce7

Cryptographic Parameters:
	Provider Name:	Microsoft Software Key Storage Provider
	Algorithm Name:	UNKNOWN
	Key Name:	Microsoft Connected Devices Platform device certificate
	Key Type:	%%2500

Cryptographic Operation:
	Operation:	%%2480
	Return Code:	0x80090016","Microsoft-Windows-Security-Auditing","System.String[]","5061","9/7/2023 9:36:37 AM","9/7/2023 9:36:37 AM",,,
"5061","DESKTOP-CJ4GRGF","System.Byte[]","9029","(12290)","12290","FailureAudit","Cryptographic operation.

Subject:
	Security ID:		S-1-5-21-1362275802-4222804866-3020813441-1002
	Account Name:		champuser
	Account Domain:		DESKTOP-CJ4GRGF
	Logon ID:		0x64ce7

Cryptographic Parameters:
	Provider Name:	Microsoft Software Key Storage Provider
	Algorithm Name:	UNKNOWN
	Key Name:	Microsoft Connected Devices Platform device certificate
	Key Type:	%%2500

Cryptographic Operation:
	Operation:	%%2480
	Return Code:	0x80090016","Microsoft-Windows-Security-Auditing","System.String[]","5061","9/7/2023 9:36:37 AM","9/7/2023 9:36:37 AM",,,
